"","p_val","avg_log2FC","pct.1","pct.2","p_val_adj"
"ENO1",0,0.660260126923289,0.907,0.914,0
"SH3BGRL3",0,0.519948973819655,0.984,0.991,0
"PLEKHO1",0,0.960402313585476,0.457,0.149,0
"S100A10",0,0.675559543264882,0.99,0.994,0
"SLAMF7",0,0.394348636600386,0.124,0.012,0
"FCGR2B",0,1.35293869221905,0.412,0.051,0
"TMSB10",0,0.373168157892835,0.999,0.998,0
"ARL4C",0,0.600008645561503,0.223,0.054,0
"CCR5",0,0.363782843624352,0.177,0.03,0
"STAB1",0,0.453151021210893,0.136,0.003,0
"ANTXR2",0,0.358511622433466,0.171,0.016,0
"SPP1",0,3.19878791924769,0.201,0.048,0
"BASP1",0,0.886725917319343,0.333,0.107,0
"EMB",0,0.321502328394013,0.147,0.012,0
"VCAN",0,1.59791777146905,0.527,0.22,0
"CD14",0,1.21333981256833,0.807,0.76,0
"ANXA6",0,0.330366369133455,0.159,0.025,0
"PLA2G7",0,0.834619569757652,0.313,0.119,0
"MARCKS",0,1.38286524936978,0.345,0.045,0
"ACTB",0,0.611641953356816,0.999,0.997,0
"FGL2",0,1.08409044563714,0.419,0.122,0
"CLEC5A",0,1.01764747132328,0.342,0.078,0
"TMEM176B",0,0.941292845635082,0.326,0.091,0
"TMEM176A",0,0.59566652582169,0.223,0.052,0
"AP1S2",0,0.778993561879354,0.539,0.362,0
"TIMP1",0,1.32779686086375,0.788,0.703,0
"CTSB",0,0.912483790652094,0.948,0.98,0
"FCN1",0,1.22463125447156,0.293,0.072,0
"CD44",0,0.616994360496668,0.945,0.971,0
"MS4A6A",0,1.21973221490607,0.753,0.615,0
"AHNAK",0,0.823320245036168,0.839,0.804,0
"MALAT1",0,0.466656821617105,0.979,0.993,0
"P2RY6",0,0.278863351195206,0.122,0.013,0
"ADAM8",0,0.313193959728274,0.116,0.003,0
"GAPDH",0,0.572600068773345,0.983,0.986,0
"EMP1",0,1.11605553516067,0.386,0.063,0
"PLXNC1",0,0.464850852814447,0.201,0.022,0
"CMKLR1",0,0.334209166825693,0.161,0.025,0
"GPR183",0,0.474792826360266,0.121,0.003,0
"GAS6",0,0.341462943623298,0.131,0.012,0
"RNASE1",0,2.02010145205267,0.374,0.048,0
"ZFP36L1",0,1.15676169651718,0.552,0.311,0
"NPC2",0,0.559293008697677,0.945,0.971,0
"CRIP2",0,0.393349284493613,0.125,0.012,0
"C15orf48",0,1.22497107337759,0.431,0.214,0
"CORO1A",0,1.14788597070439,0.48,0.141,0
"CLEC10A",0,1.10790110880805,0.246,0.004,0
"PMP22",0,0.814005256394917,0.432,0.185,0
"CCL2",0,2.26176403220029,0.197,0.01,0
"LIMD2",0,0.591026960293057,0.239,0.019,0
"SOCS3",0,0.429361420847928,0.197,0.049,0
"RASSF2",0,0.465740858934765,0.204,0.008,0
"MATK",0,0.57205654675638,0.226,0.05,0
"KCNN4",0,0.351795880172058,0.173,0.037,0
"EMP3",0,1.14408894173123,0.939,0.925,0
"IL4I1",0,0.780352823518787,0.237,0.042,0
"FPR3",0,1.13657934257564,0.638,0.319,0
"LGALS1",0,0.740155161095751,0.971,0.954,0
"TYMP",0,0.870474435740873,0.936,0.934,0
"ITGAM",3.25240685600793e-306,0.788848356858188,0.531,0.343,6.52107574629591e-302
"LIMS1",1.04752741499754e-296,0.833542521141302,0.726,0.656,2.10029246707007e-292
"ABCA1",1.02131805128081e-295,0.706770533288207,0.296,0.115,2.04774269281802e-291
"LGALS2",1.00950423721145e-292,0.514404068076006,0.126,0.02,2.02405599560895e-288
"IER3",3.21608118731381e-290,0.908407533535961,0.299,0.119,6.44824278056418e-286
"KLF6",4.09543566491515e-290,0.823345502476088,0.808,0.771,8.21134850815488e-286
"FOSB",2.24453281289586e-287,0.345266745912236,0.11,0.014,4.50028828985621e-283
"ACTG1",2.63026388135132e-278,0.45248204700353,0.988,0.991,5.27367908210939e-274
"FAM198B",8.93309805526549e-274,0.254113543953886,0.128,0.022,1.79108616008073e-269
"CD48",4.95236145905692e-271,0.565436358030596,0.275,0.104,9.92948472540911e-267
"QPCT",1.1332119931291e-269,0.512026194962026,0.271,0.102,2.27209004622385e-265
"S100A8",1.13556168868006e-267,1.20291506903992,0.772,0.783,2.27680118580352e-263
"ICAM1",4.86931653199057e-255,0.4280917302631,0.24,0.085,9.7629796466411e-251
"PTMA",4.03109448014926e-254,0.373052078091913,0.989,0.994,8.08234443269928e-250
"MAFB",1.86323330096665e-250,0.922984150221229,0.62,0.501,3.73578276843813e-246
"LILRB4",2.8708851597087e-240,0.722675511578639,0.435,0.27,5.75612474521595e-236
"SGK1",8.59033366863718e-240,0.849263579486695,0.512,0.355,1.72236190056175e-235
"CCR1",3.06314608135731e-236,0.680187355680437,0.531,0.384,6.14160789312141e-232
"CSF1R",3.52225457804817e-234,0.737501124727643,0.499,0.348,7.06212042898657e-230
"PRKCB",1.61567246206891e-232,0.326834918434568,0.169,0.046,3.23942328644817e-228
"PEA15",2.3205773976903e-230,0.625132634429781,0.396,0.228,4.65275768236905e-226
"LHFPL2",2.67490328224247e-229,0.723296576091427,0.509,0.365,5.36318108089615e-225
"MEF2C",4.72359358004447e-229,0.355937421911995,0.163,0.044,9.47080512798917e-225
"SLC39A8",7.54708230109455e-228,0.288728900275155,0.124,0.025,1.51319000136946e-223
"PSTPIP1",1.13531901602252e-224,0.304408486213232,0.166,0.046,2.27631462712516e-220
"CYP1B1",1.78545248517269e-223,0.891624384799338,0.254,0.097,3.57983223277124e-219
"TPM4",7.84984833592204e-221,0.624042989357968,0.779,0.761,1.57389459135237e-216
"S100B",2.18055424446545e-217,0.85726529792258,0.103,0.018,4.37201126015323e-213
"SDC2",6.99644853540606e-215,0.505434531508431,0.206,0.07,1.40278793134892e-210
"H3F3B",7.82203043047719e-215,0.491444102534863,0.957,0.977,1.56831710131068e-210
"CD99",3.44695973778242e-206,0.569016904618141,0.744,0.709,6.91115427425375e-202
"SNCA",4.45681939792886e-205,0.256445980934725,0.142,0.037,8.93592289284736e-201
"ST8SIA4",4.01664983536959e-201,0.227839545172843,0.125,0.029,8.05338291991603e-197
"NEAT1",1.16295268595189e-199,0.630742004043182,0.967,0.983,2.33172013533354e-195
"CD84",2.87176337340994e-198,0.764412192143272,0.475,0.343,5.75788556368692e-194
"HM13",1.89298961118828e-197,0.619700254449026,0.573,0.48,3.7954441704325e-193
"ZEB2",2.45012582933616e-196,0.5996579005579,0.821,0.834,4.91250228781901e-192
"KCTD12",3.53245913479561e-195,0.64007103858661,0.685,0.649,7.08258056526519e-191
"CCL3",1.22869557626187e-194,0.733413094437789,0.137,0.035,2.46353463040505e-190
"CD36",2.82369988524934e-193,0.856365223145827,0.419,0.265,5.66151826992492e-189
"ITGB2",4.86505915496825e-187,0.512825782689201,0.845,0.883,9.75444360571135e-183
"TCF4",1.38928123020371e-186,0.386700495238747,0.169,0.056,2.78550886655845e-182
"CTSZ",5.9259064117623e-184,0.620240647881419,0.967,0.985,1.18814423555834e-179
"ANPEP",7.75422874801784e-176,0.636190980279691,0.543,0.431,1.55472286397758e-171
"SAMHD1",1.23959823561242e-175,0.45857830528971,0.899,0.938,2.4853944624029e-171
"POU2F2",6.61821944631237e-175,0.332199660248554,0.142,0.042,1.32695299898563e-170
"LMNA",6.76319097960055e-171,0.761880952518915,0.862,0.919,1.35601979140991e-166
"JUNB",4.66981988155562e-170,0.718429222198941,0.627,0.566,9.36298886251902e-166
"TPM3",9.98783237883324e-168,0.433540449747417,0.9,0.934,2.00256039195606e-163
"DUSP6",1.47000450731074e-167,0.710399949360533,0.431,0.294,2.94735903715803e-163
"FAM129B",1.91001362582346e-167,0.379806603592411,0.24,0.11,3.82957731977603e-163
"LGMN",1.14909779340462e-165,1.14800409879122,0.421,0.297,2.30394107577626e-161
"CLEC11A",8.17432077852927e-162,0.339353351792217,0.206,0.085,1.63895131609512e-157
"RPS12",5.05473414211404e-160,0.298721674977198,0.994,0.996,1.01347419549386e-155
"ARHGAP45",6.03915471957685e-159,0.27445951794041,0.17,0.062,1.21085052127516e-154
"SORL1",5.32070773089282e-157,0.562658642185036,0.377,0.243,1.06680190004401e-152
"RBPJ",2.09272132375903e-155,0.583412973312482,0.779,0.816,4.19590625413686e-151
"IGFBP7",3.78327527735206e-150,0.221213351383538,0.125,0.037,7.58546693109088e-146
"LAPTM5",2.49607831232368e-148,0.276638856317736,0.97,0.99,5.00463701620898e-144
"HOMER3",8.00545330170634e-146,0.334892143560273,0.21,0.094,1.60509338699212e-141
"FOS",2.75295429386099e-145,0.766121318798362,0.552,0.463,5.51967335919128e-141
"LILRB2",4.85795892267859e-145,0.437336885190278,0.304,0.175,9.74020763997058e-141
"AP2S1",1.09836525440594e-144,0.355871792827605,0.895,0.936,2.20222233508391e-140
"NINJ1",1.48389877681372e-144,0.509576248532148,0.294,0.165,2.9752170475115e-140
"BCAT1",4.30669284339331e-142,0.489477190776622,0.345,0.215,8.63491915100358e-138
"CD180",7.45319265731107e-142,0.32832344437821,0.175,0.07,1.49436512779087e-137
"RPLP1",5.85202569457507e-141,0.236524084459094,0.998,0.998,1.1733311517623e-136
"ALCAM",1.03303788255082e-139,0.705375792749623,0.584,0.553,2.0712409545144e-135
"GNAI2",1.44895343417165e-139,0.306983578248185,0.939,0.97,2.90515163551417e-135
"IER5L",1.35292840782155e-136,0.505917199108952,0.357,0.233,2.7126214576822e-132
"MGAT1",3.71903149089989e-134,0.488106173096913,0.74,0.775,7.45665813925428e-130
"CTSH",1.33304412331831e-130,0.435167299781694,0.882,0.927,2.67275346725321e-126
"TGFBI",1.35905758194542e-130,0.668946219192306,0.693,0.72,2.72491045180056e-126
"PTGS1",3.52920509646779e-130,0.247553637530536,0.144,0.053,7.07605621841792e-126
"APOE",1.30810363562488e-129,0.352744869045696,0.724,0.976,2.62274778942788e-125
"ELK3",6.27414553738093e-129,0.227249460075307,0.122,0.04,1.25796618024488e-124
"CD93",1.176849293227e-126,0.281926227839771,0.104,0.031,2.35958283292013e-122
"CAMK1",1.15445965752014e-125,0.469600660627678,0.195,0.09,2.31469161332788e-121
"TLR2",1.74914808376275e-125,0.329923094382781,0.192,0.088,3.50704190794431e-121
"TPI1",1.52235747774638e-124,0.392059475695475,0.836,0.893,3.05232674288149e-120
"RPSA",4.47335086694694e-124,0.312243902673174,0.966,0.987,8.96906848822861e-120
"VIM",1.32091069589933e-120,0.251090150370963,0.999,0.999,2.64842594527816e-116
"TUBB",4.5989179634662e-118,0.28361753877345,0.841,0.883,9.22083051674972e-114
"H2AFY",4.85697591686749e-117,0.366587579527722,0.854,0.91,9.73823671331932e-113
"CALM1",1.96461225409768e-115,0.397271621533769,0.956,0.98,3.93904756946586e-111
"CREB5",2.62532177054377e-115,0.290694566366904,0.177,0.08,5.26377014994026e-111
"PRCP",2.83170572306018e-115,0.417734243098364,0.354,0.242,5.67756997473567e-111
"PTGER2",5.45248635935155e-115,0.261835814781055,0.161,0.069,1.09322351504998e-110
"METRNL",5.17189460581833e-114,0.571958017095423,0.537,0.483,1.03696486846657e-109
"VMP1",1.50368002594485e-112,0.523552568410599,0.714,0.725,3.01487845201943e-108
"RPL35",1.01469520380011e-111,0.264485141449774,0.971,0.987,2.03446388361921e-107
"KIFC3",5.68499426264308e-111,0.247635441245042,0.168,0.075,1.13984134965994e-106
"RPS7",3.19439362253575e-109,0.298520368956695,0.98,0.991,6.40475921318417e-105
"RAP2B",1.05387176521333e-108,0.47567248558123,0.462,0.382,2.11301288925272e-104
"HMGA1",1.69735362653648e-108,0.504167812731598,0.446,0.363,3.40319402120563e-104
"CFP",8.31687984967147e-108,0.33251326942556,0.186,0.089,1.66753440985913e-103
"PHLDA1",9.70251647284094e-108,0.580674266698048,0.249,0.143,1.94535455280461e-103
"RPLP0",1.5578446963552e-106,0.30022731838447,0.963,0.987,3.12347861619218e-102
"FYB1",2.49492625530654e-106,0.531994367278822,0.591,0.577,5.00232714188961e-102
"RNASE6",2.78669775900448e-106,0.519728146880376,0.421,0.327,5.58732900680399e-102
"CBX6",6.51761511583823e-106,0.375476085839515,0.252,0.148,1.30678183072556e-101
"ENG",9.71528348976364e-106,0.51225143684485,0.64,0.663,1.94791433969761e-101
"RPS24",9.88524708963134e-106,0.258108216700257,0.991,0.996,1.98199204147108e-101
"RPS6",2.630492636364e-105,0.290590327254461,0.981,0.992,5.27413773590981e-101
"ARPC5",4.46507491029709e-105,0.277113144767659,0.948,0.972,8.95247519514566e-101
"FNIP2",1.20803137669079e-103,0.54279677797824,0.345,0.242,2.42210291026504e-99
"SLC43A3",1.67234201343449e-103,0.465117755444154,0.398,0.307,3.35304573693615e-99
"PSTPIP2",4.78338175910223e-102,0.23075312668592,0.128,0.05,9.59068042699997e-98
"TUBA1A",8.33060444146445e-102,0.594698614262543,0.695,0.695,1.67028619051362e-97
"SEMA6B",4.51563176912491e-100,0.321695910452369,0.183,0.091,9.05384169709544e-96
"RAC1",2.23061898040568e-98,0.231349792727369,0.965,0.985,4.47239105571338e-94
"TTYH3",2.91574309210889e-97,0.349072276531204,0.232,0.134,5.84606489967832e-93
"SLAMF8",6.35245097287982e-96,0.451365783742563,0.425,0.342,1.2736664200624e-91
"RPS2",5.22091636326219e-95,0.220975831286746,0.997,0.996,1.04679373083407e-90
"SYNE3",6.99691743898354e-95,0.214054878606003,0.125,0.051,1.4028819465162e-90
"C3AR1",1.23734209363407e-94,0.495493136808238,0.469,0.394,2.48087089773631e-90
"YWHAZ",2.94339751277449e-94,0.395327088620512,0.793,0.846,5.90151201311286e-90
"RELB",1.03468254623945e-93,0.21344652759267,0.117,0.045,2.0745385052101e-89
"RPL8",1.10101637421018e-93,0.244272681947605,0.991,0.995,2.2075378302914e-89
"IFITM3",1.90969300920626e-93,0.585366768541833,0.425,0.341,3.82893448345855e-89
"ANKH",7.74953209658857e-93,0.349444221472869,0.18,0.092,1.55378118536601e-88
"RIPOR2",2.00784960061709e-92,0.308454248206545,0.158,0.075,4.02573844923726e-88
"PLTP",2.94071991635647e-92,0.810451177449692,0.225,0.131,5.89614343229472e-88
"CDA",1.37762865444074e-91,0.202985383934948,0.119,0.047,2.76214545215369e-87
"UBC",2.74919387375172e-91,0.261660210980119,0.961,0.98,5.51213371687219e-87
"EEF1B2",8.00768026893386e-91,0.31605933410595,0.932,0.973,1.60553989392124e-86
"RPL13",1.72763907464498e-89,0.204920776350535,0.997,0.997,3.46391634466318e-85
"RPLP2",3.34560692461382e-89,0.236715515906728,0.983,0.992,6.70794188385071e-85
"ATF5",1.12230546012309e-88,0.541797906162079,0.261,0.167,2.25022244754679e-84
"IQGAP1",3.57219781059687e-88,0.343870443832526,0.808,0.859,7.16225661024672e-84
"CXCR4",1.13432704573375e-87,0.556268244243219,0.278,0.18,2.27432572669618e-83
"PLK3",1.81830485686003e-87,0.356457328053701,0.284,0.186,3.64570123800436e-83
"PTAFR",6.73326642616667e-87,0.464704625161249,0.627,0.629,1.35001991844642e-82
"GALM",1.7026543093963e-86,0.27152075311327,0.174,0.089,3.41382189033958e-82
"HIF1A",3.31064834622595e-83,0.513944647033752,0.311,0.223,6.63784993418303e-79
"RGS10",1.00670723282206e-82,0.499434287068441,0.675,0.705,2.01844800180824e-78
"PFN1",1.36630981318645e-82,0.242861654737975,0.978,0.987,2.73945117543883e-78
"SOD2",1.92553415871716e-82,1.20353308444579,0.48,0.454,3.8606959882279e-78
"PALLD",2.73778098868807e-82,0.255465812923025,0.161,0.08,5.48925088231957e-78
"ACTR3",3.50350441134543e-82,0.332345188359442,0.849,0.904,7.02452634474759e-78
"TRPS1",2.3198486964787e-81,0.382328977147345,0.28,0.189,4.6512966364398e-77
"AQP9",6.29204442464505e-81,0.452502509021197,0.422,0.342,1.26155490714133e-76
"CFL1",6.83534871834194e-80,0.212972995012957,0.98,0.988,1.37048741802756e-75
"TNFRSF1B",6.33910255245077e-79,0.455234405089369,0.328,0.245,1.27099006176638e-74
"MYADM",8.83928686302356e-79,0.539187550665948,0.636,0.619,1.77227701603622e-74
"APRT",1.28723329228986e-78,0.338113533415773,0.771,0.833,2.58090275104117e-74
"DBI",6.12818327934319e-78,0.298885642161982,0.904,0.947,1.22870074750831e-73
"CYBB",1.34253986544557e-77,0.454142507883644,0.842,0.892,2.69179243021836e-73
"RHOC",3.60314761249786e-77,0.444826659404948,0.353,0.271,7.2243109630582e-73
"TMEM51",2.90116250273129e-76,0.299524642599112,0.228,0.141,5.81683081797624e-72
"RALA",7.91270630070694e-76,0.518518480419736,0.395,0.331,1.58649761329174e-71
"CDV3",1.01078259136646e-75,0.359799122258883,0.733,0.789,2.02661909568975e-71
"SERPINF1",1.09824601254979e-75,0.360756301234468,0.142,0.069,2.20198325516233e-71
"SPRED1",1.26238436987277e-75,0.519769549035315,0.388,0.321,2.5310806615949e-71
"GNG5",4.63468282798781e-74,0.284095567527744,0.917,0.959,9.29253907011556e-70
"SLC2A3",5.09533732159886e-74,0.484093119379745,0.355,0.273,1.02161513298057e-69
"SH3KBP1",1.03757096581406e-73,0.366941261502729,0.291,0.207,2.08032978645719e-69
"CD300A",4.37040933680424e-73,0.293638976467321,0.218,0.133,8.76267072029251e-69
"PPIB",1.84290753970785e-72,0.350354824783589,0.815,0.88,3.69502961711423e-68
"A2M",2.08002195059153e-72,0.54804959900639,0.319,0.236,4.17044401093602e-68
"PLIN2",3.94877697188429e-72,0.285307320980947,0.698,0.924,7.917297828628e-68
"PAPSS2",2.68730559097865e-71,0.241427603136426,0.165,0.089,5.3880477099122e-67
"NAGK",2.87168177955706e-71,0.395462591806496,0.673,0.731,5.75772196801191e-67
"FUS",1.0412516492105e-70,0.364023751241011,0.665,0.691,2.08770955666706e-66
"RPL18",8.73817610122266e-70,0.250434246614018,0.984,0.993,1.75200430829514e-65
"RAB32",1.56724686194087e-69,0.452659100818612,0.571,0.571,3.14232995819144e-65
"DSE",1.82965379389354e-68,0.495814085834465,0.508,0.485,3.66845585675655e-64
"MMP14",5.13316369179783e-68,0.30307740135278,0.239,0.157,1.02919932020547e-63
"CCL18",1.04932668017934e-67,0.399542339396453,0.567,0.773,2.10389999375957e-63
"GAS7",2.46144590708573e-67,0.333436557610474,0.26,0.179,4.93519904370689e-63
"ADGRE2",1.42429281504718e-66,0.270043879417826,0.199,0.12,2.85570709416959e-62
"NDUFS6",3.047407017174e-66,0.329646919692407,0.734,0.801,6.11005106943387e-62
"ADAP2",4.66238296961467e-66,0.436058052740452,0.466,0.43,9.34807785407742e-62
"SLC8A1",1.88276730773759e-65,0.441092763620994,0.457,0.417,3.77494845201388e-61
"TREM2",2.33765771146323e-65,0.447740838864015,0.622,0.603,4.68700371148377e-61
"TNS1",3.11964836025001e-65,0.305374256816315,0.26,0.178,6.25489496230128e-61
"ATP2B4",3.68183670037258e-65,0.217430471541363,0.136,0.069,7.38208258424702e-61
"BLVRB",1.18805157180774e-64,0.494215260903943,0.697,0.769,2.38204340147451e-60
"RPS8",5.96471737002149e-64,0.226148998535014,0.985,0.993,1.19592583268931e-59
"AHR",5.2577041897787e-63,0.41722287968138,0.332,0.263,1.05416969005063e-58
"PTPRE",8.34147499646732e-63,0.464707062413665,0.305,0.23,1.6724657367917e-58
"TLN1",5.65793836393491e-62,0.347230711323395,0.714,0.765,1.13441664196895e-57
"PLEC",1.17659009190808e-61,0.415224543621565,0.6,0.627,2.3590631342757e-57
"IL6R",2.62413957966181e-61,0.273346763497006,0.19,0.116,5.26139985722192e-57
"RPS18",4.91501197825789e-61,0.233424522733498,0.991,0.997,9.85459901640706e-57
"SET",1.02840145506117e-59,0.349263048119895,0.709,0.762,2.06194491739764e-55
"FAM49B",3.20565291096183e-59,0.364569801901304,0.656,0.705,6.42733408647847e-55
"GNB4",7.33302099746752e-59,0.371478257963326,0.548,0.544,1.47027070999224e-54
"GLIPR1",1.43642122869909e-58,0.369167753905977,0.623,0.639,2.88002456354167e-54
"HNRNPU",1.73722469066247e-58,0.306780900402535,0.777,0.829,3.48313550477826e-54
"PCBP1",1.32265140674322e-57,0.315142987900608,0.782,0.844,2.65191607052016e-53
"PKM",1.6422313460314e-57,0.271961916348842,0.906,0.952,3.29267384879295e-53
"RPL18A",2.70288586497484e-57,0.206194785877081,0.989,0.995,5.41928615927455e-53
"HLA-E",7.3408774544806e-57,0.234294428307626,0.933,0.974,1.47184592962336e-52
"RAB31",2.07070855028319e-56,0.37313979723394,0.707,0.76,4.1517706433178e-52
"AC020916.1",1.03793954710018e-55,0.274340445994998,0.163,0.096,2.08106879193586e-51
"DAZAP2",1.24318018421515e-55,0.371756834784603,0.565,0.579,2.49257626935138e-51
"KIAA0930",1.26301040298632e-55,0.397249802361479,0.54,0.536,2.53233585798756e-51
"EIF4G2",9.09500717252973e-55,0.308200741345867,0.823,0.89,1.82354893809221e-50
"LPAR6",1.51573357309593e-54,0.266673531441453,0.165,0.099,3.03904581405734e-50
"PPP1R14B",5.42314897956244e-54,0.41679489351815,0.617,0.663,1.08734137040227e-49
"IFNGR2",1.53059079900392e-53,0.38340601484765,0.58,0.608,3.06883455200286e-49
"DOCK5",2.48060104429137e-53,0.213869353976686,0.168,0.101,4.9736050938042e-49
"SUB1",4.05592426420669e-53,0.402417223391428,0.744,0.821,8.13212814973441e-49
"ATP5F1E",9.51869011333509e-53,0.200844510283736,0.971,0.987,1.90849736772369e-48
"MTDH",1.39277911633493e-52,0.259035000982611,0.863,0.934,2.79252212825153e-48
"TAGLN2",3.36224659731546e-52,0.270374255674297,0.927,0.966,6.74130442761749e-48
"RETN",3.78618497341066e-51,0.255250649656231,0.587,0.84,7.59130087168838e-47
"CTSL",4.16781469430885e-51,0.36297181959447,0.756,0.954,8.35646846208925e-47
"LSP1",5.49052600336132e-51,0.409594158232798,0.765,0.806,1.10085046367394e-46
"RPS3A",3.73224306127489e-50,0.208301869234993,0.991,0.995,7.48314733785616e-46
"P2RY11",5.93312421569192e-49,0.229260211011257,0.152,0.091,1.18959140524623e-44
"SEPT7",7.74030921316908e-49,0.318316278358461,0.727,0.798,1.5519319972404e-44
"SLC16A3",1.21624717965809e-48,0.345521470722093,0.68,0.738,2.43857559521446e-44
"MTHFD2",1.78806161761157e-48,0.434056580930177,0.403,0.36,3.58506354331119e-44
"EZR",1.92919183327099e-48,0.527271323809288,0.577,0.604,3.86802962570834e-44
"CAPZB",7.29904132987405e-48,0.280430644539643,0.766,0.839,1.46345778663975e-43
"PLP2",7.99291704329724e-48,0.397366562488925,0.496,0.482,1.6025798671811e-43
"RPL36",8.75419737610069e-48,0.202722227849135,0.957,0.984,1.75521657390819e-43
"MAP3K2",8.94575099294011e-48,0.364396645007034,0.539,0.552,1.79362307408449e-43
"HNRNPA2B1",1.54473076142339e-47,0.242280174206792,0.894,0.947,3.0971851766539e-43
"BCL11A",1.7392142648896e-47,0.206518323540623,0.118,0.063,3.48712460110365e-43
"RBM47",6.30525774762336e-47,0.36901082375299,0.596,0.627,1.26420417839848e-42
"CAPN2",7.46913193558303e-47,0.37945642468337,0.514,0.517,1.4975609530844e-42
"RPS15A",1.13402262640038e-46,0.211937442641829,0.975,0.992,2.27371536593275e-42
"NCL",1.27255883220483e-46,0.337881293801445,0.721,0.793,2.55148045857069e-42
"EIF5A",3.16816909986913e-46,0.367364621244508,0.574,0.61,6.3521790452376e-42
"PAK1",3.33289935525735e-46,0.262718215358689,0.218,0.155,6.68246320729099e-42
"MCL1",9.49147563959477e-46,0.377879572122464,0.741,0.815,1.90304086573875e-41
"JUND",1.07503742491314e-45,0.39205823664541,0.874,0.935,2.15545003695084e-41
"RNF130",2.34106455896489e-45,0.273916723785242,0.795,0.877,4.6938344407246e-41
"RHOA",4.9636797226612e-45,0.219625014872727,0.929,0.972,9.9521778439357e-41
"TGFBR1",3.78529737761498e-44,0.380047659894497,0.38,0.342,7.58952124211804e-40
"SLC44A1",6.13963091703906e-44,0.330570282167952,0.244,0.184,1.23099599886633e-39
"HNRNPK",9.44841339838373e-44,0.268612994089261,0.765,0.841,1.89440688637594e-39
"FAM20C",1.46157616844466e-43,0.340508612563576,0.278,0.219,2.93046021773155e-39
"ARPC4",2.49525127775038e-43,0.324230350240138,0.661,0.729,5.00297881188952e-39
"FLNA",2.50217137649517e-43,0.275665151284342,0.862,0.938,5.01685360987283e-39
"MPEG1",3.27466551460095e-43,0.382297488269712,0.317,0.264,6.5657043567749e-39
"ARF6",1.53119031429914e-42,0.373924401752478,0.593,0.64,3.07003658016978e-38
"TPD52L2",4.64439520316003e-42,0.306854659248196,0.302,0.25,9.31201238233586e-38
"RPL27A",5.46182570280095e-42,0.21573165859058,0.956,0.983,1.09509605341159e-37
"LILRB3",5.48617626756918e-42,0.3527366796148,0.49,0.485,1.09997834164762e-37
"ITGA4",5.60462225276086e-42,0.271107037715339,0.163,0.105,1.12372676167855e-37
"CARD19",1.09835536899222e-41,0.232869654217404,0.214,0.153,2.2022025148294e-37
"EEF1D",2.15986264655373e-41,0.218937810615614,0.918,0.965,4.33052460634022e-37
"TNFSF13B",3.71993068727156e-41,0.38878996957564,0.612,0.668,7.45846102797947e-37
"PTGES3",5.83183362145e-41,0.261304644480618,0.795,0.873,1.16928264110073e-36
"IL10RA",1.07136191261645e-40,0.317170171326511,0.411,0.378,2.14808063479598e-36
"CCND2",1.95689902975756e-40,0.207766721879369,0.116,0.067,3.92358255466392e-36
"ST14",6.6119986991784e-40,0.337869687696788,0.364,0.325,1.32570573918527e-35
"TUBA1C",3.71196153475006e-39,0.339370371209396,0.623,0.679,7.44248287717386e-35
"ITPRIPL2",9.39413325779097e-39,0.353248141921025,0.429,0.415,1.88352371818709e-34
"VSIR",1.3351041836043e-38,0.339583157391472,0.296,0.245,2.67688388812662e-34
"DNMT1",2.28075032820616e-38,0.401727690845207,0.374,0.343,4.57290440805336e-34
"HAVCR2",6.85148065005101e-38,0.371462604431887,0.494,0.505,1.37372187033523e-33
"CEBPD",1.01032069590529e-37,0.366938099945548,0.312,0.264,2.0256929952901e-33
"MBNL1",2.08347701669311e-37,0.306178891351345,0.68,0.753,4.17737141846969e-33
"ZFP36L2",2.31341348752455e-37,0.378637540880163,0.767,0.859,4.63839404248673e-33
"UPP1",4.40456990431658e-37,0.348493716561986,0.739,0.833,8.83116265815473e-33
"C1orf54",6.19865020326727e-37,0.26148191959885,0.179,0.124,1.24282936575509e-32
"LCP1",1.38967491700923e-36,0.220147244691709,0.896,0.935,2.78629820860351e-32
"CALR",4.34145518506408e-36,0.336541269043008,0.834,0.905,8.70461764605348e-32
"ACTR2",6.65675769129338e-36,0.205740031235042,0.884,0.941,1.33467991710432e-31
"ARHGDIA",7.43881294667574e-36,0.280347559392675,0.707,0.789,1.49148199580849e-31
"TMEM123",2.29141511135812e-35,0.342391769300434,0.594,0.645,4.59428729827302e-31
"CSNK1A1",4.29080918986624e-35,0.289123608766207,0.647,0.705,8.60307242568182e-31
"CMTM3",5.79485000759125e-35,0.302439734422722,0.307,0.259,1.16186742652205e-30
"CPM",9.94036452963901e-35,0.477046210166288,0.59,0.647,1.99304308819262e-30
"PLXDC2",1.07033514816321e-34,0.286339335398168,0.798,0.872,2.14602197206723e-30
"FMNL1",1.72640882497966e-34,0.341175135973363,0.595,0.645,3.46144969408421e-30
"PDLIM7",3.64423389990597e-34,0.356452373117493,0.372,0.34,7.30668896931146e-30
"FHL3",3.79462044000708e-34,0.218811715325038,0.191,0.139,7.60821398221419e-30
"RALGDS",5.80147661579017e-34,0.285584130116463,0.259,0.21,1.16319606146593e-29
"RUNX3",1.58980736134869e-33,0.228261676322615,0.134,0.086,3.18756375950411e-29
"FRMD4B",2.96438233549956e-33,0.280470609637854,0.264,0.217,5.94358658267662e-29
"SFPQ",4.20405068925211e-33,0.332950947027326,0.584,0.625,8.42912163195049e-29
"EPB41L3",5.09229573688613e-33,0.324872924169764,0.405,0.388,1.02100529524567e-28
"NUP62",7.65525221861801e-33,0.273610888904766,0.267,0.221,1.53487806983291e-28
"BTG1",1.78347150760165e-32,0.457015329518317,0.684,0.766,3.57586037274132e-28
"LDHA",2.21877701344506e-32,0.266858596791292,0.79,0.867,4.44864791195735e-28
"FN1",2.81184049394569e-32,0.281960695821536,0.619,0.79,5.6377401903611e-28
"GSN",4.79968159117006e-32,0.360314817547586,0.805,0.831,9.62336159029598e-28
"IL1RN",5.19990509443766e-32,0.217831448933178,0.18,0.288,1.04258097143475e-27
"AIF1",8.11274767875205e-32,0.230693002019467,0.918,0.965,1.62660590958979e-27
"FXYD5",5.85542621630737e-31,0.216338842422066,0.802,0.882,1.17401295636963e-26
"PHC2",1.62490143158137e-30,0.253759487731527,0.233,0.185,3.25792737032066e-26
"BMP2K",2.3389208331654e-30,0.315467161048971,0.36,0.332,4.68953627049662e-26
"PDXK",2.40389473531402e-30,0.280458964799434,0.732,0.83,4.81980894430462e-26
"NECTIN2",2.75973432713504e-30,0.236148252539071,0.216,0.168,5.53326732590575e-26
"NFKB1",1.43415899932959e-29,0.372843071414363,0.287,0.25,2.87548879365583e-25
"RB1",1.70151577476543e-29,0.296833443729795,0.282,0.243,3.41153912840469e-25
"IFI16",2.50742351471129e-29,0.325445427773471,0.614,0.681,5.02738414699613e-25
"CELF2",4.48446100822937e-29,0.327414730897507,0.513,0.536,8.99134432149988e-25
"SRSF3",5.82374650791619e-29,0.314463481927959,0.681,0.759,1.1676611748372e-24
"S100A9",5.87186831525071e-29,0.348580610787216,0.892,0.981,1.17730959720777e-24
"COPE",6.36014654687481e-29,0.212270430286849,0.787,0.879,1.2752093826484e-24
"NAIP",8.6659995212002e-29,0.284725983835386,0.261,0.219,1.73753290400064e-24
"ZNF385A",9.07054756989056e-29,0.311204560365232,0.399,0.387,1.81864478776306e-24
"COTL1",1.00778916832168e-28,0.261109917219673,0.892,0.953,2.02061728248496e-24
"CLEC7A",2.55851147116705e-28,0.351812746305739,0.632,0.708,5.12981549968993e-24
"CYFIP1",2.56591812990705e-28,0.301269115062117,0.49,0.514,5.14466585046363e-24
"ANKRD12",3.27124848830725e-28,0.302128531355611,0.647,0.719,6.55885321905604e-24
"IFITM2",4.52910645124534e-28,0.282855323442046,0.2,0.154,9.08085843474691e-24
"MFSD1",7.28795517155314e-28,0.279023850648651,0.619,0.69,1.4612350118964e-23
"SERBP1",3.25811083375967e-27,0.242272681370696,0.768,0.862,6.53251222168813e-23
"CMTM6",4.51053761077835e-27,0.275358160234678,0.713,0.798,9.0436279096106e-23
"IL13RA1",6.99111596048368e-27,0.331013181734875,0.485,0.509,1.40171875007698e-22
"SEC61G",1.36354131153369e-26,0.285455771469058,0.662,0.744,2.73390032962504e-22
"ATP5F1D",2.94862594412478e-26,0.210894374841518,0.812,0.906,5.91199501797019e-22
"KLF10",2.99702486280264e-26,0.299528025371674,0.24,0.199,6.00903484991928e-22
"WIPF1",3.98302774357668e-26,0.316631277723736,0.472,0.491,7.98597062587125e-22
"SWAP70",3.99419762065948e-26,0.271474974384972,0.343,0.316,8.00836622942225e-22
"AP2M1",4.61126061956438e-26,0.223334882409535,0.778,0.877,9.24557754222659e-22
"CIITA",9.48924734973585e-26,0.363241154659692,0.479,0.507,1.90259409362204e-21
"GNAI3",1.89039588660766e-25,0.292382165582469,0.507,0.541,3.79024375264837e-21
"YWHAH",3.21507422295613e-25,0.467305486232905,0.796,0.901,6.44622381702704e-21
"TAGAP",4.60928368997831e-25,0.240775060854645,0.191,0.149,9.24161379840652e-21
"DICER1",4.93658149732885e-25,0.29259009560017,0.488,0.514,9.89784590214434e-21
"PIM1",8.48095292800797e-25,0.386808538512017,0.352,0.331,1.7004310620656e-20
"NCOA3",1.2894986142036e-24,0.237593996186987,0.233,0.193,2.58544472147822e-20
"MXD1",2.04242767940745e-24,0.20574417472454,0.126,0.087,4.09506749721193e-20
"FCGR2A",2.28287734633443e-24,0.30882083471378,0.734,0.834,4.57716907940054e-20
"EIF3A",2.48838192830045e-24,0.251285340079183,0.73,0.824,4.9892057662424e-20
"PRRC2C",2.63813417541983e-24,0.234929700101174,0.706,0.792,5.28945902171676e-20
"CNN2",4.16337553300745e-24,0.279305785412323,0.322,0.295,8.34756794367993e-20
"ZYX",5.25816891083532e-24,0.281691414593656,0.557,0.609,1.05426286662248e-19
"MDM4",5.71839819141712e-24,0.307561547772374,0.326,0.306,1.14653883737913e-19
"PIK3R5",5.81330590394829e-24,0.215730661011815,0.213,0.172,1.16556783374163e-19
"ABL2",6.613937203e-24,0.287026260024235,0.284,0.251,1.3260944092015e-19
"SAMSN1",1.13358692608545e-23,0.335798218707037,0.227,0.189,2.27284178680133e-19
"ENTPD1",1.69452646361574e-23,0.328934187668312,0.265,0.233,3.39752555954956e-19
"RARRES1",2.55857672329597e-23,0.400467273013241,0.139,0.1,5.12994633020843e-19
"SLC25A37",4.82895054781287e-23,0.255122368754533,0.194,0.155,9.68204584836479e-19
"RIN2",4.9921421540496e-23,0.235268996570059,0.211,0.171,1.00092450188694e-18
"KIF1B",6.89056225101217e-23,0.244645234415671,0.254,0.218,1.38155773132794e-18
"LRRFIP1",1.09337287895642e-22,0.207227628230867,0.925,0.971,2.19221262230762e-18
"FOLR2",1.22351162910385e-22,0.279963759156792,0.109,0.073,2.45314081635322e-18
"ACP2",1.22727947826733e-22,0.334339603914118,0.337,0.323,2.46069535392601e-18
"ARHGAP26",2.99725725802144e-22,0.260947281326882,0.262,0.23,6.00950080233299e-18
"HNRNPC",3.17779982679717e-22,0.242862564680957,0.684,0.772,6.37148865272833e-18
"MOB1A",3.95129788589665e-22,0.229795698218259,0.717,0.807,7.92235226122278e-18
"SYNCRIP",3.993520995732e-22,0.285778871687328,0.533,0.578,8.00700959644265e-18
"SERINC5",4.7105947800673e-22,0.285849262396202,0.27,0.239,9.44474253403494e-18
"KCNK6",5.51752783553507e-22,0.32829626449549,0.382,0.382,1.10626433102478e-17
"DYNC1H1",1.10986156542775e-21,0.273414434252558,0.589,0.648,2.22527243868263e-17
"EIF4EBP1",1.17562461743805e-21,0.311640287197382,0.616,0.697,2.3571273579633e-17
"CD86",1.85892689951819e-21,0.299892567503497,0.546,0.597,3.72714843353397e-17
"TPP1",2.06483446062678e-21,0.220969435483514,0.716,0.81,4.13999309355669e-17
"ADAM9",2.51720500629115e-21,0.279721961710074,0.336,0.322,5.04699603761375e-17
"SCAF11",2.68462370262195e-21,0.235351700579508,0.757,0.851,5.38267052375702e-17
"PAK2",3.80704500357272e-21,0.226267897566314,0.686,0.772,7.63312523216331e-17
"IL27RA",4.26420905569749e-21,0.272064941078657,0.241,0.209,8.54973915667347e-17
"EIF4A1",9.28489851926162e-21,0.272088253725789,0.597,0.667,1.86162215311195e-16
"HNRNPA3",1.87106125943827e-20,0.259979075163651,0.69,0.769,3.75147782517372e-16
"GNB1",2.29849242871759e-20,0.230622863210328,0.662,0.748,4.60847731957877e-16
"ABHD12",2.97525330633935e-20,0.305687714637875,0.458,0.487,5.9653828792104e-16
"IL17RA",3.11979230853476e-20,0.312587000740434,0.445,0.466,6.2551835786122e-16
"PREX1",3.61545330281819e-20,0.222038211859882,0.235,0.201,7.24898387215048e-16
"ITGB7",8.12990895643678e-20,0.204588720633119,0.161,0.123,1.63004674576557e-15
"ATP1A1",1.4454790401753e-19,0.278785885027137,0.531,0.579,2.89818547555147e-15
"HNRNPA1",1.66057051319373e-19,0.214810307658424,0.759,0.855,3.32944387895342e-15
"ATP13A3",1.71712750205558e-19,0.335186546472738,0.335,0.324,3.44284064162145e-15
"GNAQ",3.03676538745342e-19,0.290723697350197,0.519,0.567,6.08871460184411e-15
"TNIP1",4.85165375670413e-19,0.25335914114356,0.222,0.189,9.72756578219179e-15
"TGFB1",8.62711652637934e-19,0.247122639050872,0.729,0.831,1.72973686353906e-14
"HSBP1",9.02282667940443e-19,0.210770320427891,0.69,0.789,1.80907674922059e-14
"OTULINL",2.01335682655884e-18,0.296023685817252,0.335,0.33,4.03678043725048e-14
"DAB2",3.5724569497876e-18,0.220171445938363,0.789,0.901,7.16277618432413e-14
"DPYSL2",3.57990392312902e-18,0.281263122594983,0.561,0.622,7.17770736587368e-14
"TWF2",3.63083611391147e-18,0.234725771053743,0.66,0.753,7.2798264083925e-14
"NDRG1",3.91257708549182e-18,0.230464929144618,0.197,0.163,7.84471705641111e-14
"RBM3",7.23816105121412e-18,0.204113001232236,0.761,0.84,1.45125129076843e-13
"DNPH1",2.24463951403499e-17,0.214920047786805,0.264,0.236,4.50050222564016e-13
"PHLDA2",4.07717914999567e-17,0.229405781424009,0.175,0.143,8.17474419574132e-13
"RHOG",5.767634044252e-17,0.235484924993517,0.656,0.75,1.15641062587253e-12
"OSBPL8",8.60695143590497e-17,0.326382658869409,0.516,0.575,1.72569376289895e-12
"ADA2",1.01780338755801e-16,0.271633198556237,0.596,0.67,2.04069579205381e-12
"LACC1",4.03415151101135e-16,0.207098985229746,0.188,0.157,8.08847377957776e-12
"LAMP1",5.14176628646313e-16,0.250431586400978,0.777,0.911,1.03092414043586e-11
"KRAS",5.53572714040702e-16,0.284081070224122,0.454,0.486,1.10991329165161e-11
"TET2",6.39572496793389e-16,0.263170273973104,0.256,0.236,1.28234285607075e-11
"IRAK1",8.89168451555834e-16,0.271650247427274,0.367,0.371,1.78278274536945e-11
"HLA-DPB1",9.14483316126701e-16,0.30037362124083,0.991,0.992,1.83353904883404e-11
"RPS6KA3",1.33639634571372e-15,0.318186585036335,0.413,0.434,2.67947467315601e-11
"LPGAT1",1.47302771120758e-15,0.252260839397913,0.267,0.245,2.95342056097119e-11
"TAP1",1.95463825474783e-15,0.329541729712095,0.315,0.31,3.91904970076939e-11
"PLSCR1",2.39748486449759e-15,0.310105568986316,0.592,0.671,4.80695715331768e-11
"CD83",3.14269713094706e-15,0.280897011126839,0.348,0.484,6.30110774754886e-11
"EMILIN2",4.0620848779675e-15,0.256590235826497,0.529,0.586,8.14448018032483e-11
"SKIL",5.87780686782803e-15,0.318761450364338,0.512,0.565,1.17850027699952e-10
"QKI",6.39188875614635e-15,0.214859296729116,0.638,0.728,1.28157369560734e-10
"MARCH1",8.98899976460121e-15,0.306739220595119,0.557,0.633,1.80229445280254e-10
"PICALM",9.39113835260612e-15,0.269103154862014,0.479,0.521,1.88292323969753e-10
"CFLAR",9.87615173795217e-15,0.317189836125376,0.546,0.614,1.98016842345941e-10
"STK38L",1.00101937206229e-14,0.203696687990032,0.135,0.106,2.00704384098489e-10
"GBP1",1.05567763915265e-14,0.261128601452685,0.404,0.554,2.11663366650107e-10
"ADAM15",1.24221277007768e-14,0.223910528122484,0.257,0.237,2.49063660400575e-10
"JAK1",1.5149030727586e-14,0.282608530790824,0.556,0.628,3.037380660881e-10
"AC004687.1",1.89447575335273e-14,0.253818587942025,0.256,0.236,3.79842388547223e-10
"NME1",1.97423995581086e-14,0.273535779163949,0.387,0.403,3.95835111140077e-10
"DDX21",2.02637623972393e-14,0.295926187084925,0.518,0.582,4.06288436064648e-10
"ATF4",2.08059879674883e-14,0.334582387570963,0.543,0.613,4.1716005874814e-10
"GNA12",2.14991158960517e-14,0.205230266120929,0.212,0.186,4.31057273715837e-10
"P4HB",2.77623280315926e-14,0.237593622627758,0.687,0.8,5.56634677033432e-10
"ITGAV",3.4462649603461e-14,0.220322290139717,0.222,0.197,6.90976124549392e-10
"ATP6V1B2",4.08536200967745e-14,0.233239376144529,0.686,0.779,8.1911508294033e-10
"FOXN3",5.44381934638315e-14,0.284369868692197,0.469,0.516,1.09148577894982e-09
"LYN",8.12688837355318e-14,0.262619065666468,0.574,0.649,1.62944111889741e-09
"LYL1",8.32176858137383e-14,0.249845613682396,0.351,0.352,1.66851460056545e-09
"CHST11",1.0353368250422e-13,0.240999387824927,0.296,0.284,2.07585033420961e-09
"DNAJC10",1.04867645769072e-13,0.209847383379375,0.286,0.271,2.10259629766989e-09
"ASGR1",1.18036377686233e-13,0.28433528733184,0.307,0.297,2.36662937260897e-09
"HCLS1",1.20120584651996e-13,0.253196160168835,0.577,0.658,2.40841772227252e-09
"MPP1",1.38569032249905e-13,0.283764713316361,0.504,0.569,2.7783090966106e-09
"CEP170",1.77140251244267e-13,0.278482885457055,0.49,0.54,3.55166203744755e-09
"IER2",1.92422907608619e-13,0.410818611026761,0.377,0.394,3.85807929755281e-09
"MSN",2.010487415606e-13,0.213458717595021,0.774,0.87,4.03102726829002e-09
"NPL",2.10083102418207e-13,0.334958148304521,0.371,0.394,4.21216620348505e-09
"LACTB",2.84132883143382e-13,0.21507659433265,0.658,0.757,5.69686430702481e-09
"KLF2",2.89859821356966e-13,0.509551019932567,0.424,0.456,5.81168941820716e-09
"NOTCH2",3.02272376689089e-13,0.23271769314528,0.284,0.27,6.06056115261624e-09
"PTPRJ",3.15264737685863e-13,0.226073573760063,0.27,0.254,6.32105799060155e-09
"SLC43A2",3.33968165195717e-13,0.329609270418454,0.396,0.416,6.69606171217413e-09
"FBXW5",3.70758787931289e-13,0.277757595413704,0.45,0.491,7.43371369802235e-09
"WDR82",4.69402117777382e-13,0.237644939547105,0.309,0.302,9.4115124614365e-09
"LAP3",5.0988414402051e-13,0.264261007179704,0.724,0.825,1.02231770876112e-08
"RAB42",5.30759536944306e-13,0.330195590972176,0.228,0.211,1.06417287157333e-08
"RBM39",5.7365946732818e-13,0.229967465146667,0.613,0.702,1.150187231993e-08
"ITGA5",9.62349506313295e-13,0.297712426229493,0.402,0.425,1.92951076015816e-08
"PPP1R18",1.56501090845604e-12,0.261525756386085,0.439,0.477,3.13784687145437e-08
"IQGAP2",2.49113481799298e-12,0.252826732477454,0.59,0.674,4.99472531007592e-08
"DOCK10",5.59159945066322e-12,0.297443520377055,0.302,0.302,1.12111568985798e-07
"IL3RA",7.54014240446952e-12,0.55408787602581,0.454,0.502,1.51179855209614e-07
"MYO1F",9.06691166749957e-12,0.253979198840907,0.562,0.65,1.81791578933366e-07
"GNA15",1.13440490240459e-11,0.267520480569187,0.312,0.311,2.27448182932121e-07
"MACF1",1.28849180654547e-11,0.250684673650838,0.39,0.41,2.58342607212367e-07
"C6orf62",1.34021803765056e-11,0.230226324389755,0.595,0.679,2.68713716548938e-07
"TAF7",1.40601157945693e-11,0.233225005234921,0.349,0.351,2.81905321681115e-07
"NRP2",1.93250104288673e-11,0.237957036032636,0.348,0.332,3.87466459098789e-07
"IFNAR1",2.44329852367603e-11,0.229819531221252,0.404,0.429,4.89881353997044e-07
"MAP3K20",2.78465169908536e-11,0.201644517084344,0.22,0.2,5.58322665666614e-07
"PLEKHO2",2.89478295309983e-11,0.275296091137361,0.463,0.513,5.80403982096516e-07
"DPYD",4.30290373135557e-11,0.255183479200907,0.321,0.323,8.62732198136791e-07
"ISG15",1.01790185458152e-10,0.211360544147427,0.663,0.823,2.04089321843594e-06
"SLC20A1",1.19940855023271e-10,0.208057369870618,0.215,0.196,2.40481414321658e-06
"PDIA6",1.25822013489771e-10,0.246748403939035,0.646,0.757,2.52273137046991e-06
"TNFAIP8",1.5394354754781e-10,0.300984562223161,0.347,0.363,3.0865681283336e-06
"SNX8",2.08258993106765e-10,0.225424732631703,0.275,0.268,4.17559281179063e-06
"CTDSP1",2.1294370960663e-10,0.243590821620065,0.294,0.292,4.26952137761294e-06
"CTSA",2.40369601822354e-10,0.232201372077823,0.651,0.757,4.81941051653819e-06
"SINHCAF",2.49669639239379e-10,0.208531873042275,0.185,0.166,5.00587626674955e-06
"DNAJC7",2.82453609967275e-10,0.237544390409087,0.561,0.648,5.66319487984386e-06
"MFSD12",5.46895448695917e-10,0.270655243978132,0.418,0.45,1.09652537463531e-05
"XPO1",7.17462017693274e-10,0.239193807172233,0.409,0.437,1.43851134547501e-05
"MGAT4A",7.86261425004969e-10,0.258159651593758,0.396,0.426,1.57645415713496e-05
"LRRC25",1.12806097300957e-09,0.21112127524791,0.293,0.29,2.26176225088419e-05
"TACC1",1.82293433550523e-09,0.237718949824704,0.491,0.55,3.65498334268798e-05
"FAM129A",2.13547321075227e-09,0.285306546700604,0.494,0.555,4.2816237875583e-05
"ARL8B",2.75829314467304e-09,0.25077145745339,0.495,0.56,5.53037775506944e-05
"SSR1",4.2170923440068e-09,0.222315907884085,0.551,0.638,8.45527014973363e-05
"GALNT1",5.03213296062597e-09,0.241111929789429,0.459,0.511,0.000100894265860551
"ACSL4",5.78393893156288e-09,0.231793705300765,0.334,0.347,0.000115967975577836
"ATP6V0A1",6.99144497835044e-09,0.218625665339125,0.402,0.43,0.000140178471815926
"AP1B1",7.30719940792059e-09,0.224834740171126,0.298,0.3,0.000146509348128808
"CCT6A",8.55614410812186e-09,0.233556423883271,0.56,0.651,0.000171550689367843
"ANKRD44",8.6801293645275e-09,0.227854791172907,0.28,0.281,0.000174036593758776
"ZFP36",9.01752613185386e-09,0.350654367208297,0.347,0.367,0.00018080139894367
"TXNDC17",1.06528395723699e-08,0.201667026658001,0.612,0.723,0.000213589433426016
"LSM7",1.26125281964925e-08,0.22026455438224,0.58,0.674,0.000252881190339675
"HSPE1",1.36482825914612e-08,0.213557565905137,0.713,0.817,0.000273648065958796
"PARVB",1.38822184036591e-08,0.226409901405878,0.374,0.401,0.000278338478993366
"STK17B",1.46360042999881e-08,0.276626557663722,0.292,0.297,0.000293451886214762
"MALT1",2.15203916729457e-08,0.216473957346485,0.173,0.157,0.000431483853042561
"ATOX1",2.54756163775708e-08,0.28035080971991,0.713,0.838,0.000510786108370295
"NAA50",2.88979150955203e-08,0.253500649777661,0.404,0.435,0.000579403197665182
"SERTAD1",3.11867324814928e-08,0.210547142438975,0.207,0.195,0.00062529398625393
"ADGRE5",3.26558582758164e-08,0.34884812671517,0.582,0.689,0.000654749958430118
"PPP1CB",3.6927015635102e-08,0.259229812854141,0.519,0.595,0.000740386663483795
"MAZ",3.70724265627858e-08,0.2190993072743,0.481,0.54,0.000743302152583856
"MYO1G",3.93398073689935e-08,0.261916086003746,0.528,0.598,0.00078876313774832
"CCT3",4.02318714231253e-08,0.231438422184444,0.55,0.639,0.000806649022033662
"IFI30",5.38772813611256e-08,0.309264555105036,0.514,0.575,0.00108023949129057
"ICAM3",6.17415973638664e-08,0.249495169175069,0.167,0.151,0.00123791902714552
"MAF",6.92774652392444e-08,0.254703855638226,0.263,0.26,0.00138901317804685
"UCP2",7.7552843818422e-08,0.284708195316324,0.576,0.674,0.00155493451855936
"TSC22D3",9.04848993913508e-08,0.334310956974409,0.567,0.658,0.00181422223279658
"PIM3",9.56542999136472e-08,0.277812029791149,0.285,0.287,0.00191786871326863
"SMG1",1.24306190174307e-07,0.231638542232184,0.404,0.438,0.00249233911299485
"SGK3",1.27756408419471e-07,0.218197121596489,0.529,0.608,0.0025615159888104
"HNRNPM",1.75247333253335e-07,0.212266353826839,0.543,0.622,0.00351370903172937
"VAMP5",1.81358113105298e-07,0.306617822912632,0.333,0.342,0.00363623016776123
"CALU",1.85784366588231e-07,0.227202567933372,0.465,0.523,0.00372497655009402
"RNF213",1.95274259966692e-07,0.229604658187265,0.706,0.821,0.00391524891233217
"IRF2BP2",2.90889442217374e-07,0.264437490865503,0.404,0.445,0.00583233331645834
"CCDC186",2.98146522462527e-07,0.212089024670149,0.211,0.2,0.00597783777537367
"GNA13",3.02827853939742e-07,0.231038281405931,0.293,0.3,0.00607169847149182
"ANKRD11",3.98721569417137e-07,0.2398248687607,0.503,0.571,0.00799436746681359
"N4BP1",4.78488390231848e-07,0.25350633652528,0.366,0.397,0.00959369222414854
"SSNA1",7.33847148784129e-07,0.226331661898313,0.47,0.533,0.0147136353331218
"NCF1",7.40655793018318e-07,0.38543149569055,0.649,0.738,0.0148501486500173
"STK4",9.21582912390657e-07,0.270666386979779,0.535,0.618,0.0184777373934327
"ME2",9.31930454622215e-07,0.236120663774127,0.387,0.425,0.0186852056151754
"METTL9",1.03078973950082e-06,0.299588564038618,0.38,0.405,0.0206673342769914
"HNRNPF",1.11772714581675e-06,0.211090324269811,0.619,0.731,0.0224104292736259
"ZFYVE16",1.1395157782144e-06,0.283598410870574,0.401,0.444,0.0228472913531988
"ZMIZ1",1.43719285503105e-06,0.222339091904888,0.32,0.337,0.0288157167433725
"CAMK1D",1.50241183522375e-06,0.243845796712276,0.319,0.334,0.0301233572962361
"PBRM1",1.6340690289344e-06,0.217820532261541,0.474,0.536,0.0327630840301346
"TRA2B",1.72167403427964e-06,0.204088965238342,0.374,0.403,0.0345195643873067
"SDSL",1.74136465466048e-06,0.257290827818565,0.295,0.306,0.0349143613259426
"LPCAT2",2.27751369342704e-06,0.256963850799874,0.423,0.475,0.0456641495532121
"OSTC",2.76034064796788e-06,0.218557830147292,0.565,0.665,0.055344829991756
"ASAP1",3.60166711083197e-06,0.219154183859678,0.489,0.561,0.072213425572181
"CUX1",4.0563268862333e-06,0.221347876264837,0.28,0.287,0.0813293540689777
"SLC38A2",6.75334698448733e-06,0.23499886865984,0.327,0.348,0.135404607038971
"PTBP1",6.89882676412183e-06,0.21507890258225,0.344,0.369,0.138321476620643
"TUBGCP2",7.16026807678278e-06,0.213574571289207,0.365,0.395,0.143563374939495
"SURF4",8.46299629621607e-06,0.214978834861485,0.355,0.385,0.169683075739132
"EIF4G1",9.878497010495e-06,0.222504802552011,0.433,0.485,0.198063865060425
"CLTB",1.66837308504896e-05,0.208066897942356,0.504,0.584,0.334508803552316
"EHBP1L1",1.77120287267027e-05,0.219435706975601,0.481,0.55,0.355126175970389
"PRMT2",2.09086219360018e-05,0.228515768900926,0.492,0.573,0.419217869816837
"CXXC5",3.10067185358597e-05,0.225335490753617,0.283,0.295,0.621684706643987
"SSBP4",3.30554920555291e-05,0.220098148595076,0.35,0.381,0.662762615713358
"CSTB",3.86258851933086e-05,0.273478573022863,0.97,0.996,0.774448998125837
"SRSF7",4.0579816863616e-05,0.204281604810458,0.602,0.708,0.813625328115501
"PPIF",6.00244806108e-05,0.247775632199345,0.253,0.26,1
"NFKBIA",6.47733015463523e-05,0.393399738901244,0.569,0.681,1
"WDFY2",6.7412939771206e-05,0.235718682723481,0.316,0.339,1
"PLEK",7.02032016232561e-05,0.300478922017345,0.522,0.615,1
"WSB2",8.49698996304632e-05,0.209570545507694,0.363,0.401,1
"PPP1R15A",8.62918550815991e-05,0.235554016816558,0.401,0.45,1
"CDC42SE1",9.00034190821895e-05,0.21315833925344,0.283,0.296,1
"KMT2E",9.32154176115301e-05,0.225016818890648,0.481,0.557,1
"PNRC1",9.38167596575377e-05,0.24195779042932,0.538,0.693,1
"FILIP1L",9.86502512897793e-05,0.263781618642586,0.232,0.236,1
"EIF4E2",9.97067230251161e-05,0.203293978218669,0.467,0.538,1
"ANXA1",0.000111214909192863,0.222037870459597,0.927,0.98,1
"BLOC1S6",0.000135977556584516,0.221151793224775,0.373,0.414,1
"HDGF",0.000143007189214317,0.200765467507804,0.34,0.368,1
"NR1H3",0.000150202368358482,0.283371969633383,0.26,0.271,1
"BRD2",0.000167852899887187,0.20932938090224,0.438,0.501,1
"CSF2RA",0.000170225786911282,0.290430766783489,0.355,0.395,1
"TNFSF10",0.000180969172979369,0.273293310477969,0.279,0.288,1
"CHD1",0.000206215364399077,0.202841650546814,0.295,0.316,1
"MAT2A",0.000208605281112648,0.246484541134572,0.422,0.482,1
"HERPUD1",0.000211202853357839,0.256818143066475,0.565,0.669,1
"P2RX4",0.000217788679930542,0.237680770481377,0.423,0.483,1
"GPNMB",0.00022906456893989,0.559310394185569,0.789,0.951,1
"GADD45B",0.000268357027419963,0.302412634356243,0.267,0.277,1
"HSPA1A",0.000270030150397085,0.216427714308691,0.665,0.788,1
"PITPNA",0.000349077050053426,0.222353186319351,0.343,0.377,1
"C16orf72",0.000375243833197689,0.203608857741712,0.301,0.321,1
"MYCBP2",0.000485803843789348,0.211560396547273,0.435,0.498,1
"SPEN",0.000515204353166272,0.208344564092515,0.336,0.369,1
"TLR4",0.000766564187845533,0.217010280068505,0.409,0.461,1
"FGR",0.000844817491730571,0.201929076845778,0.552,0.643,1
"AGTRAP",0.00136823308066004,0.203144893277254,0.429,0.493,1
"PPP4C",0.00146390204881419,0.200061652411983,0.508,0.601,1
"IL7R",0.00182492654530037,0.55583435268285,0.408,0.461,1
"MAPK1",0.00187242750665016,0.206333424403415,0.488,0.571,1
"HSPA5",0.00201372130296306,0.24037136712581,0.728,0.849,1
"MCUB",0.00286902490099114,0.216270870975875,0.355,0.393,1
"CPPED1",0.00317531481172638,0.226404599648021,0.375,0.425,1
"SMAP2",0.00327212573468437,0.213379116351902,0.407,0.464,1
"ETV6",0.00372286073649889,0.205252837187525,0.276,0.297,1
"PTPN2",0.00575115485249106,0.20780087303583,0.405,0.465,1
"KLF13",0.00575295849824998,0.208192318865248,0.38,0.431,1
"CTSD",0.00794968090475088,0.212891956766815,0.93,0.996,1
"ATP2B1",0.00932779003157572,0.276935345702813,0.502,0.594,1
"UBE2D1",0.0118691870610666,0.205573125959754,0.427,0.499,1
"MEF2A",0.0146661755817738,0.218276429811551,0.418,0.487,1
"H1FX",0.0176395770050867,0.269085947164814,0.378,0.425,1
"PTEN",0.0187928869624177,0.20105518808047,0.381,0.438,1
"SQSTM1",0.0199761165679114,0.210316839879726,0.725,0.87,1
"RRAGC",0.0210221219286725,0.202087845907176,0.37,0.421,1
"TUBB6",0.0212181627692729,0.201341940183878,0.436,0.506,1
"SH3BP2",0.0218143743438831,0.206145063795518,0.407,0.474,1
"SPAG9",0.0310331134942033,0.22470370461825,0.38,0.436,1
"ANKRD28",0.043415905329414,0.238447570877035,0.3,0.335,1
"CPVL",0.0503025599002439,0.217023128749547,0.647,0.783,1
"MAP4K4",0.0515726263436869,0.200142680914744,0.266,0.289,1
"MIDN",0.0585616612257805,0.200367331264754,0.343,0.391,1
"NABP1",0.0671111343455297,0.20989843522339,0.321,0.36,1
"IRF7",0.0746715416104446,0.231837244179262,0.328,0.402,1
"STAT1",0.0792559028227444,0.200549912089489,0.491,0.614,1
"TSPAN4",0.0927243260097146,0.228671056056842,0.37,0.431,1
"P2RX7",0.0949614788237975,0.209696882939447,0.267,0.292,1
"PNP",0.125835133709376,0.212346736275527,0.373,0.436,1
"OTUD1",0.126452130301949,0.22727205135478,0.231,0.251,1
"LTB",0.134807523662633,0.506142927202308,0.152,0.176,1
"RASSF4",0.144058881972425,0.253062917642844,0.311,0.356,1
"ARFGAP3",0.147274757583183,0.216700626630078,0.351,0.403,1
"ETS2",0.152513533755317,0.201033268900229,0.207,0.243,1
"BATF3",0.385741404881448,0.218443632348169,0.208,0.228,1
"OGFRL1",0.478635189425901,0.247219079934733,0.464,0.565,1
"DUSP1",0.727526392265821,0.235764865191147,0.487,0.58,1
"EPSTI1",0.812200773547018,0.228916538866032,0.37,0.438,1
"REL",0.841318383668815,0.254967145577013,0.462,0.561,1
"CST3",0.936445063634077,0.218585936108778,0.983,0.992,1
